"","factors","facets","diff"
"olkinpratt_adjusted_rsquared",0.400887827314532,0.517502733620315,0.116614906305783
"ezekiel_adjusted_rsquared",0.399449461976458,0.516006762590564,0.116557300614106
"rsquared",0.408386225935142,0.559220444502121,0.150834218566979
"stepwise05",0.40808748154762,0.529583654312675,0.121496172765056
"setpwise0083",0.40808748154762,0.521293629300213,0.113206147752593
"cv_rsquared",0.386908634702944,0.462486859633646,0.075578224930702
"bestfacets",0.408386225935142,0.516403937456261,0.108017711521119
